filename;spotify_url;categoria;revisar;type
Vundabar - Alien Blues;https://open.spotify.com/track/11iIikXxC6NP0Ma8vMD27x;alta-agresiva;FALSE;train
My Chemical Romance - Teenagers;https://open.spotify.com/track/7j31rVgGX9Q2blT92VBEA0;alta-agresiva;FALSE;train
Ace of Base - Happy Nation;https://open.spotify.com/track/7yCF65vpc7sUwPjftI0iFb;baja-ritmica;TRUE;train
Jósean Log - Doma;https://open.spotify.com/track/58cLm4PaHNt8DDr9ayZnNz;alta-ritmica;TRUE;train
Kansas - Dust in the Wind;https://open.spotify.com/track/6zeE5tKyr8Nu882DQhhSQI;baja-contemplativa;FALSE;train
Gilbert O'Sullivan - Alone Again (Naturally);https://open.spotify.com/track/54pvEYFocTlvIAQOfXSjqV;baja-contemplativa;FALSE;train
JAWNY - lalala;https://open.spotify.com/track/2pCR7dwwRpeAAnpUr1Ekwz;baja-ritmica;FALSE;train
Michael Sembello - Maniac;https://open.spotify.com/track/0QKfiqpEU4h9ycPSzIFwYe;baja-ritmica;FALSE;train
Barry Manilow - Can't Smile Without You;https://open.spotify.com/track/7qUTZEf6bgiApJEXpMAH5y;incrementable-decreciente;FALSE;train
Radiohead - Exit Music (For A Film);https://open.spotify.com/track/0z1o5L7HJx562xZSATcIpY;incrementable-decreciente;FALSE;train
Radiohead - Street Spirit (Fade Out);https://open.spotify.com/track/2QwObYJWyJTiozvs0RI7CF;baja-contemplativa;FALSE;train
Radiohead - No Surprises;https://open.spotify.com/track/10nyNJ6zNy2YVYLrcwLccB;baja-contemplativa;FALSE;train
The Beatles - Yesterday - Remastered 2009;https://open.spotify.com/track/3BQHpFgAp4l80e1XslIjNI;baja-contemplativa;FALSE;train
Beach House - Space Song;https://open.spotify.com/track/1ujxjsoNvh4XgS2fUNwkZ2;baja-contemplativa;FALSE;train
Louis Armstrong - What A Wonderful World;https://open.spotify.com/track/29U7stRjqHU6rMiS8BfaI9;baja-contemplativa;FALSE;train
Jim Croce - Time in a Bottle;https://open.spotify.com/track/7uWFUpGuEfmxYeymkV95jn;baja-contemplativa;FALSE;train
The Beatles - And I Love Her - Remastered 2009;https://open.spotify.com/track/65vdMBskhx3akkG9vQlSH1;baja-contemplativa;FALSE;train
The Beatles - Michelle - Remastered 2009;https://open.spotify.com/track/5By7Pzgl6TMuVJG168VWzS;baja-contemplativa;FALSE;train
Tally Hall - Hidden In the Sand;https://open.spotify.com/track/0RjG5JmdOWXAR68dGlKBA5;baja-contemplativa;FALSE;train
Billie Eilish - bad guy;https://open.spotify.com/track/2Fxmhks0bxGSBdJ92vM42m;baja-ritmica;TRUE;train
Blondie - Maria - Radio Edit;https://open.spotify.com/track/4yHHx0rMvgCOoYoDWNdcR3;incrementable-decreciente;TRUE;train
George Harrison - My Sweet Lord - 2014 Remaster;https://open.spotify.com/track/0KZodeWxqxd88F9wY1cqgs;baja-ritmica;FALSE;train
Roberta Flack - Killing Me Softly With His Song;https://open.spotify.com/track/3gsCAGsWr6pUm1Vy7CPPob;baja-ritmica;FALSE;train
Eagles - Hotel California - 2013 Remaster;https://open.spotify.com/track/40riOy7x9W7GXjyGp4pjAv;baja-ritmica;FALSE;train
Boney M. - Sunny;https://open.spotify.com/track/3pf96IFggfQuT6Gafqx2rt;baja-ritmica;TRUE;train
Demis Roussos - Forever and Ever;https://open.spotify.com/track/72MJeNXJ3LKfa73U4WrEtA;baja-ritmica;TRUE;train
The Beatles - Eleanor Rigby - Remastered 2009;https://open.spotify.com/track/5GjPQ0eI7AgmOnADn1EO6Q;baja-ritmica;FALSE;train
The Smiths - There Is a Light That Never Goes Out - 2011 Remaster;https://open.spotify.com/track/0WQiDwKJclirSYG9v5tayI;baja-ritmica;FALSE;train
Elton John - Rocket Man (I Think It's Going To Be A Long, Long Time);https://open.spotify.com/track/3gdewACMIVMEWVbyb8O9sY;baja-ritmica;FALSE;train
Gilbert O'Sullivan - Clair;https://open.spotify.com/track/6yzN1aLjcsP5coOUZPOrJb;baja-ritmica;FALSE;train
Ace of Base - All That She Wants;https://open.spotify.com/track/6kWJvPfC4DgUpRsXKNa9z9;baja-ritmica;FALSE;train
Sia - Snowman;https://open.spotify.com/track/7uoFMmxln0GPXQ0AcCBXRq;baja-ritmica;FALSE;train
Modern Talking - Cheri Cheri Lady;https://open.spotify.com/track/2aEuA8PSqLa17Y4hKPj5rr;baja-ritmica;FALSE;train
The Beatles - Here Comes The Sun - Remastered 2009;https://open.spotify.com/track/6dGnYIeXmHdcikdzNNDMm2;baja-ritmica;FALSE;train
Donna Summer - On The Radio;https://open.spotify.com/track/41v23mPw4Se92JKUGvnkmW;baja-ritmica;TRUE;train
Frank Sinatra - My Way;https://open.spotify.com/track/3spdoTYpuCpmq19tuD0bOe;incrementable-decreciente;TRUE;train
The Beatles - Come Together - Remastered 2009;https://open.spotify.com/track/2EqlS6tkEnglzr7tkKAAYD;baja-ritmica;FALSE;train
Kitty Kallen, Harry James - It's Been a Long, Long Time (with Harry James & His Orchestra);https://open.spotify.com/track/61sVa3rLHOYqrshahMJj0A;baja-ritmica;TRUE;train
Tears For Fears - Everybody Wants To Rule The World;https://open.spotify.com/track/4RvWPyQ5RL0ao9LPZeSouE;baja-ritmica;FALSE;train
Bruno Mars - The Lazy Song;https://open.spotify.com/track/386RUes7n1uM1yfzgeUuwp;baja-ritmica;FALSE;train
Los Retros - Amtrak;https://open.spotify.com/track/5F6ekGcdu623mkhTVgk64Z;baja-ritmica;TRUE;train
Marmalade - Reflections Of My Life;https://open.spotify.com/track/51vio68HmRHQr6lCWxboM9;incrementable-decreciente;TRUE;train
Desireless - Voyage voyage;https://open.spotify.com/track/2d8D7uk3tbAThjRkdfrx9c;baja-ritmica;FALSE;train
The Ronettes - Be My Baby;https://open.spotify.com/track/1WN4uNclrDuczTO3bCr8s1;baja-ritmica;FALSE;train
America, George Martin - A Horse with No Name;https://open.spotify.com/track/54eZmuggBFJbV7k248bTTt;baja-ritmica;FALSE;train
Harry Styles - As It Was;https://open.spotify.com/track/4Dvkj6JhhA12EX05fT7y2e;baja-ritmica;FALSE;train
Marty Balin - Hearts;https://open.spotify.com/track/150LOyOS0ISsZ9IcwPf6iT;baja-ritmica;TRUE;train
Kylie Minogue - Can't Get You out of My Head;https://open.spotify.com/track/3E7ZwUMJFqpsDOJzEkBrQ7;baja-ritmica;FALSE;train
The Strokes - The Adults Are Talking;https://open.spotify.com/track/5ruzrDWcT0vuJIOMW7gMnW;baja-ritmica;FALSE;train
Santo & Johnny - Sleep Walk;https://open.spotify.com/track/0yK8sWD6cfrc7pGfaPIcZH;baja-contemplativa;FALSE;train
The Drums - I Don't Know How To Love;https://open.spotify.com/track/2YvWonOJesvP0yu9IFJY7S;baja-ritmica;FALSE;train
ABBA - Lay All Your Love On Me;https://open.spotify.com/track/4euAGZTszWPrriggYK0HG9;alta-ritmica;FALSE;train
Alphaville - Big in Japan;https://open.spotify.com/track/3BZGi1yUqQyCNC868AqUGG;alta-ritmica;FALSE;train
Bee Gees - Stayin' Alive;https://open.spotify.com/track/4UDmDIqJIbrW0hMBQMFOsM;alta-ritmica;FALSE;train
Bee Gees - Tragedy;https://open.spotify.com/track/6UXXeFqMBGiqjkzQzkMT3E;alta-ritmica;FALSE;train
Boney M. - Gotta Go Home;https://open.spotify.com/track/4MvGHDenL4t9JW1RHB4rK2;alta-ritmica;FALSE;train
Boney M. - Rasputin;https://open.spotify.com/track/5lWSa1rmuSL6OBPOnkAqoa;alta-ritmica;FALSE;train
Bruno Mars - Locked out of Heaven;https://open.spotify.com/track/3w3y8KPTfNeOKPiqUTakBh;alta-ritmica;FALSE;train
Earth, Wind & Fire - September;https://open.spotify.com/track/3kXoKlD84c6OmIcOLfrfEs;alta-ritmica;FALSE;train
Earth, Wind & Fire, The Emotions - Boogie Wonderland (with The Emotions);https://open.spotify.com/track/6ztstiyZL6FXzh4aG46ZPD;alta-ritmica;FALSE;train
Elvis Presley - Jailhouse Rock;https://open.spotify.com/track/452KBpASS5lZLeJWX9Ixub;alta-ritmica;FALSE;train
Gilbert O'Sullivan - What's In a Kiss - Guitar Version;https://open.spotify.com/track/1DUhoEeBRBSzMFumpoLNkV;alta-ritmica;FALSE;train
La Bouche - Be My Lover;https://open.spotify.com/track/3YB6nCSuFqNiqOvPtAPK9X;alta-ritmica;FALSE;train
Lipps Inc. - Designer Music;https://open.spotify.com/track/5aVvVMwfFwu5JSoMFZojDE;alta-ritmica;FALSE;train
Michael Jackson - Beat It;https://open.spotify.com/track/3BovdzfaX4jb5KFQwoPfAw;alta-ritmica;FALSE;train
Muse - Supermassive Black Hole;https://open.spotify.com/track/3lPr8ghNDBLc2uZovNyLs9;alta-ritmica;FALSE;train
Nazareth - Love Hurts - Single Edit;https://open.spotify.com/track/6MXUZ4VRQ41qTPWKgvHMCK;alta-ritmica;TRUE;train
Pink Floyd - Another Brick in the Wall, Pt. 2;https://open.spotify.com/track/4gMgiXfqyzZLMhsksGmbQV;alta-ritmica;FALSE;train
Rick James - Super Freak;https://open.spotify.com/track/2dCmGcEOQrMQhMMS8Vj7Ca;alta-ritmica;FALSE;train
Ritchie Valens - La Bamba - Single Version;https://open.spotify.com/track/2aEeghgUcnu75tzcolFMfs;alta-ritmica;FALSE;train
Rod Stewart - Young Turks;https://open.spotify.com/track/6sBA8b9bT8Z8G8TkVDvNTK;alta-ritmica;FALSE;train
Roy Orbison - Oh, Pretty Woman;https://open.spotify.com/track/48i055G1OT5KxGGftwFxWy;alta-ritmica;FALSE;train
Neil Sedaka - Oh! Carol;https://open.spotify.com/track/5zvOXJrzzUlvXwyuwZ0toZ;alta-ritmica;TRUE;train
The Beach Boys - I Get Around (Mono);https://open.spotify.com/track/3v9xlH6BpmRbqL7hgNJhfT;alta-ritmica;FALSE;train
The Beatles - Can't Buy Me Love - Remastered 2009;https://open.spotify.com/track/3SdingSsFcZDZAyvcJbgAw;alta-ritmica;FALSE;train
The Clash - Should I Stay or Should I Go - Remastered;https://open.spotify.com/track/39shmbIHICJ2Wxnk1fPSdz;alta-ritmica;FALSE;train
The Cure - Boys Don't Cry;https://open.spotify.com/track/1QFh8OH1e78dGd3VyJZCAC;alta-ritmica;FALSE;train
The Hollies - Long Cool Woman (In a Black Dress) - 1999 Remaster;https://open.spotify.com/track/1J5XEPamp7iQaCU0aFuMnd;alta-ritmica;FALSE;train
The Human League - Don't You Want Me;https://open.spotify.com/track/3L7RtEcu1Hw3OXrpnthngx;alta-ritmica;FALSE;train
The Monkees - I'm a Believer - 2006 Remaster;https://open.spotify.com/track/3G7tRC24Uh09Hmp1KZ7LQ2;alta-ritmica;FALSE;train
Queen - Crazy Little Thing Called Love - Remastered 2011;https://open.spotify.com/track/6xdLJrVj4vIXwhuG8TMopk;baja-ritmica;TRUE;train
The Rolling Stones - Paint It, Black;https://open.spotify.com/track/63T7DJ1AFDD6Bn8VzG6JE8;alta-ritmica;FALSE;train
Rupert Holmes - Escape (The Pina Colada Song);https://open.spotify.com/track/5IMtdHjJ1OtkxbGe4zfUxQ;baja-ritmica;TRUE;train
Tina Charles - I Love to Love;https://open.spotify.com/track/5jWI1xNxABzDRFTnD2yp8L;alta-ritmica;FALSE;train
Twenty One Pilots - Stressed Out;https://open.spotify.com/track/3CRDbSIZ4r5MsZ0YwxuEkn;alta-ritmica;FALSE;train
Blondie - One Way Or Another;https://open.spotify.com/track/1gKmnrz6SzJlGMNRKBLx1V;alta-agresiva;FALSE;train
Dschinghis Khan - Moskau;https://open.spotify.com/track/5t77UGzgSBRDDnaxJvE9R3;alta-agresiva;FALSE;train
John Travolta, Olivia Newton-John - You're The One That I Want - From “Grease”;https://open.spotify.com/track/0B9x2BRHqj3Qer7biM3pU3;alta-agresiva;FALSE;train
KISS - I Was Made For Lovin' You;https://open.spotify.com/track/07q0QVgO56EorrSGHC48y3;alta-agresiva;FALSE;train
Lady Gaga - Americano;https://open.spotify.com/track/1sRByD63uI8ZJAOSPDczXF;alta-agresiva;FALSE;train
Måneskin - Beggin';https://open.spotify.com/track/3Wrjm47oTz2sjIgck11l5e;alta-agresiva;FALSE;train
Queen - Don't Stop Me Now - ...Revisited;https://open.spotify.com/track/3INsYP1Y8GG4qJvBsKCdXC;alta-agresiva;FALSE;train
System Of A Down - Chop Suey!;https://open.spotify.com/track/2DlHlPMa4M17kufBvI2lEN;alta-agresiva;FALSE;train
Fleetwood Mac - The Chain - 2004 Remaster;https://open.spotify.com/track/5e9TFTbltYBg2xThimr0rU;incrementable-decreciente;FALSE;train
Radiohead - Creep;https://open.spotify.com/track/70LcF31zb1H0PyJoS1Sx1r;incrementable-decreciente;FALSE;train
Marvin Gaye, Tammi Terrell - Ain't No Mountain High Enough;https://open.spotify.com/track/7tqhbajSfrz2F7E1Z75ASX;incrementable-decreciente;FALSE;train
The Animals - House of the Rising Sun;https://open.spotify.com/track/4mn2kNTqiGLwaUR8JdhJ1l;incrementable-decreciente;FALSE;train
Foreigner - I Want to Know What Love Is - 1999 Remaster;https://open.spotify.com/track/1JLn8RhQzHz3qDqsChcmBl;incrementable-decreciente;FALSE;train
Journey - Don't Stop Believin' (2022 Remaster);https://open.spotify.com/track/5RKQ5NdjSh2QzD4MaunT91;incrementable-decreciente;FALSE;train
System Of A Down - Lonely Day;https://open.spotify.com/track/1VNWaY3uNfoeWqb5U8x2QX;incrementable-decreciente;FALSE;train
Frankie Valli - Can't Take My Eyes off You;https://open.spotify.com/track/0bfvHnWWOeU1U5XeKyVLbW;incrementable-decreciente;FALSE;train
Queen - Somebody To Love - Remastered 2011;https://open.spotify.com/track/4rDbp1vnvEhieiccprPMdI;incrementable-decreciente;FALSE;train
Billy Joel - Piano Man;https://open.spotify.com/track/70C4NyhjD5OZUMzvWZ3njJ;incrementable-decreciente;FALSE;train
Air Supply - Making Love Out of Nothing at All;https://open.spotify.com/track/188ogJrKez9zzsidIg22X8;incrementable-decreciente;FALSE;train
Shawn Mendes - There's Nothing Holdin' Me Back;https://open.spotify.com/track/7JJmb5XwzOO8jgpou264Ml;incrementable-decreciente;FALSE;train
Surf Curse - Freaks;https://open.spotify.com/track/7EkWXAI1wn8Ii883ecd9xr;alta-ritmica;TRUE;train
Engelbert Humperdinck - A Man Without Love;https://open.spotify.com/track/0oUBuOO4g9P4lREqfqR5nq;incrementable-decreciente;FALSE;train
Queen - Bohemian Rhapsody - Remastered 2011;https://open.spotify.com/track/4u7EnebtmKWzUH433cf5Qv;incrementable-decreciente;FALSE;train
George Michael - Careless Whisper - Remastered;https://open.spotify.com/track/5ac3D4hNLW7NFhYFCThXgh;incrementable-decreciente;FALSE;train
The Righteous Brothers - Unchained Melody;https://open.spotify.com/track/2qhASBzpbFhPRtrnZ5lLnz;incrementable-decreciente;TRUE;train
Twenty One Pilots - Ride;https://open.spotify.com/track/2Z8WuEywRWYTKe1NybPQEW;incrementable-decreciente;FALSE;train
OneRepublic - Counting Stars;https://open.spotify.com/track/2tpWsVSb9UEmDRxAl1zhX1;incrementable-decreciente;FALSE;train
The White Stripes - Seven Nation Army;https://open.spotify.com/track/3dPQuX8Gs42Y7b454ybpMR;incrementable-decreciente;FALSE;train
Led Zeppelin - Stairway to Heaven - Remaster;https://open.spotify.com/track/5CQ30WqJwcep0pYcV4AMNc;incrementable-decreciente;FALSE;train
LP - Lost on You;https://open.spotify.com/track/2NttzQ2kuVFFmEa8q4rsbu;incrementable-decreciente;FALSE;train
The Rolling Stones - (I Can't Get No) Satisfaction - Mono;https://open.spotify.com/track/2PzU4IB8Dr6mxV3lHuaG34;alta-ritmica;TRUE;train
The Verve - Bitter Sweet Symphony - Remastered 2016;https://open.spotify.com/track/57iDDD9N9tTWe75x6qhStw;alta-ritmica;TRUE;train
Tally Hall - The Bidding;https://open.spotify.com/track/0HBrtXJohbIW4IhPZ50GmH;incrementable-decreciente;FALSE;train
Bonnie Tyler - Total Eclipse of the Heart;https://open.spotify.com/track/7wuJGgpTNzbUyn26IOY6rj;incrementable-decreciente;FALSE;train
Declan McKenna - Slipping Through My Fingers;https://open.spotify.com/track/5GRarkYarOgejsLCxLprQD;baja-contemplativa;FALSE;train
Mason Ramsey - Blue Over You;https://open.spotify.com/track/4eirfucQkOubIOr2Zt17RE;baja-contemplativa;FALSE;train
Marilyn Manson - Sweet Dreams (Are Made Of This);https://open.spotify.com/intl-es/track/2302lUwfZ4S4dVyPOCDFnQ?si=f3ef6962ee034655;alta-agresiva;FALSE;train
Aerosmith - Cryin';https://open.spotify.com/track/4t1fWWJQs5V9YErfsrDslC;alta-agresiva;FALSE;train
Lars Eriksson - Who Are You Counting On;https://open.spotify.com/track/14n5g2mbrjjGjx5ISpciQL;baja-contemplativa;FALSE;train
Bon Jovi - You Give Love A Bad Name;https://open.spotify.com/intl-es/track/2TofEeQobQ9YoK7EFds698?si=068d97a7c3de46f2;alta-agresiva;FALSE;train
Judas;https://open.spotify.com/intl-es/track/7F25roCtYi55JouckaayPC?si=4ccb49773c984d55;alta-agresiva;FALSE;train
So It Goes;https://open.spotify.com/intl-es/track/7hE24vyh8nj2dzLadtqOCh?si=366792c2e2884567;baja-contemplativa;FALSE;train
Tomorrow;https://open.spotify.com/intl-es/track/1bIj8iHo9YETUmmtfoXle7?si=169e820be9944c54;alta-agresiva;FALSE;train
10cc - I'm Not In Love;https://open.spotify.com/track/5HQEmiV2lKnSO6qa2fsR7x;;;val
4 Non Blondes - What's Up;https://open.spotify.com/intl-es/track/0jWgAnTrNZmOGmqgvHhZEm?si=e6cf6a2fd66c442e;;;val
a-ha - Take on Me;https://open.spotify.com/track/2WfaOiMkCvy7F5fcp2zZ8L;;;val
ABBA - Dancing Queen;https://open.spotify.com/track/0GjEhVFGZW8afUYGChu3Rr;;;val
ABBA - Fernando;https://open.spotify.com/track/4BM8yJ0PzBi2ZewpMTOxtx;;;val
ABBA - Gimme! Gimme! Gimme! (A Man After Midnight);https://open.spotify.com/track/3vkQ5DAB1qQMYO4Mr9zJN6;;;val
ABBA - Money, Money, Money;https://open.spotify.com/track/3lKN03PDeBnXZS7sDukRBt;;;val
ABBA - Super Trouper;https://open.spotify.com/track/0J2p4KYdr6Mg4ET6JPlbe1;;;val
ABBA - Voulez-Vous;https://open.spotify.com/track/17OqI90oTFZ3J8PVu6j07V;;;val
ACDC - Highway to Hell;https://open.spotify.com/intl-es/track/2zYzyRzz6pRmhPzyfMEC8s?si=f9d3cb7049dc43b5;;;val
ACDC - Thunderstruck;https://open.spotify.com/intl-es/track/57bgtoPSgt236HzfBOd8kj?si=320357b21a464344;;;val
Ace of Base - The Sign;https://open.spotify.com/track/0hrBpAOgrt8RXigk83LLNE;;;val
Adele - Rolling in the Deep;https://open.spotify.com/track/1c8gk2PeTE04A1pIDH9YMk;;;val
Aerosmith - Dream On;https://open.spotify.com/track/1xsYj84j7hUDDnTTerGWlH;;;val
Aerosmith - I Don't Want To Miss A Thing - Pop Mix;https://open.spotify.com/track/1xEEN1FMnnrJmdhbCWXCQj;;;val
Alexander Rybak - Europe´s Skies;https://open.spotify.com/track/6AeJ1NHPJl41MlQO9mBRMe;;;val
Alexander Rybak - Fairytale;https://open.spotify.com/track/3MnAsEBBsEj86d03RgO4EM;;;val
Alphaville - Forever Young;https://open.spotify.com/track/4S1VYqwfkLit9mKVY3MXoo;;;val
Alvadore - Hundreds;https://open.spotify.com/track/79FEsD1LvuR0RpdvYQ1AxP;;;val
Andy Gibb - I Just Want To Be Your Everything;https://open.spotify.com/track/5EdlwzcgIAYs2HGvOnczPN;;;val
Augustana - Looking for the Door;https://open.spotify.com/track/2RjYM6uHFkuHuoylFKIxIM;;;val
B.J. Thomas - Raindrops Keep Fallin' On My Head;https://open.spotify.com/track/2s1Yh0AywJhLsKKZ9vM0tm;;;val
B.o.B, Bruno Mars - Nothing on You;https://open.spotify.com/track/2A5YAFeEwGi7KlGMYRf5dX;;;val
Beach Bunny - Prom Queen;https://open.spotify.com/track/6GJdFTOm23lC5bqjYSMJTj;;;val
Bee Gees - How Deep Is Your Love;https://open.spotify.com/track/2JoZzpdeP2G6Csfdq5aLXP;;;val
Bee Gees - More Than A Woman - From 'Saturday Night Fever' Soundtrack;https://open.spotify.com/intl-es/track/49OMJ1prsRA7ZYgrAjz70c?si=b26655f01ee24c40;;;val
Bee Gees - Night Fever - From 'Saturday Night Fever' Soundtrack;https://open.spotify.com/intl-es/track/49OMJ1prsRA7ZYgrAjz70c?si=d1b9d8a06ffa4e8c;;;val
Ben E. King - Stand By Me;https://open.spotify.com/track/7jmHyHMEqm9MJWiMAneF05;;;val
Berlin - Take My Breath Away;https://open.spotify.com/track/1hZJcuz9iMoz6tLkFlIaUy;;;val
Bill Medley, Jennifer Warnes - (I've Had) The Time Of My Life - From 'Dirty Dancing' Soundtrack;https://open.spotify.com/intl-es/track/6W7ztLBiRzBN46ZaPAcQ0F?si=ecfc9ef38dfa4f2a;;;val
Billy Idol - Eyes Without A Face;https://open.spotify.com/track/0pUVeEgZuNyFzIMKp67RbS;;;val
Billy Joel - Uptown Girl;https://open.spotify.com/track/5zA8vzDGqPl2AzZkEYQGKh;;;val
Blondie - Call Me;https://open.spotify.com/track/7HKxTNVlkHsfMLhigmhC0I;;;val
Blondie - Heart Of Glass - Remix;https://open.spotify.com/track/2HhBmnL8kVYaevaaCsnMVB;;;val
Blondie - The Tide Is High - Edit;https://open.spotify.com/track/165NAtd2DRPKNQ6EVY0VG9;;;val
Blue Swede, Björn Skifs - Hooked On A Feeling;https://open.spotify.com/track/6Ac4NVYYl2U73QiTt11ZKd;;;val
Bonnie Tyler - It's a Heartache;https://open.spotify.com/track/1Y7VG310Lf5IYP7sVOob4X;;;val
Carl Douglas - Kung Fu Fighting;https://open.spotify.com/track/7K8QsHbmUpSX37oOCL4e2g;;;val
Chezile - Beanie;https://open.spotify.com/track/5e0b9LgOfi3aJSKXFcOWRe;;;val
Chubby Checker - Let's Twist Again;https://open.spotify.com/track/1INWPr855fwWdAOeecbu0W;;;val
Chuck Berry - Johnny B. Goode;https://open.spotify.com/track/2QfiRTz5Yc8DdShCxG1tB2;;;val
Classics IV - Stormy;https://open.spotify.com/track/0Dn130TEDADOUN6TrZSpLr;;;val
Creedence Clearwater Revival - Have You Ever Seen The Rain;https://open.spotify.com/track/2LawezPeJhN4AWuSB0GtAU;;;val
Cutting Crew - (I Just) Died In Your Arms;https://open.spotify.com/track/4ByEFOBuLXpCqvO1kw8Wdm;;;val
Cyndi Lauper - Girls Just Want to Have Fun;https://open.spotify.com/track/4y1LsJpmMti1PfRQV9AWWe;;;val
Cyndi Lauper - Time After Time;https://open.spotify.com/track/1Jj6MF0xDOMA3Ut2Z368Bx;;;val
d4vd - Romantic Homicide;https://open.spotify.com/track/1xK59OXxi2TAAAbmZK0kBL;;;val
Daryl Hall & John Oates - Maneater;https://open.spotify.com/track/7j74lucZ59vqN67Ipe2ZcY;;;val
Dawn, Tony Orlando - Tie a Yellow Ribbon Round the Ole Oak Tree (feat. Tony Orlando) - 1998 Remastered;https://open.spotify.com/track/12UzVR0M7asW2MHAZRJk0I;;;val
Dawn, Tony Orlando - Tie a Yellow Ribbon Round the Ole Oak Tree (feat. Tony Orlando);https://open.spotify.com/track/2EnzSQ4CcxxpBrTGvS85Wz;;;val
Dead Or Alive - You Spin Me Round (Like a Record);https://open.spotify.com/track/1ChulFMnwxoD74Me8eX2TU;;;val
Dean Martin - Everybody Loves Somebody;https://open.spotify.com/track/5I9sHwLDX28tLtzVgKLtpr;;;val
Dean Martin - That's Amore;https://open.spotify.com/track/64MgjDp6ijaLvS3T83JHX9;;;val
Dexys Midnight Runners - Come On Eileen;https://open.spotify.com/track/3MrWxJaD2AT0W9DjWF64Vm;;;val
Dion - Runaround Sue;https://open.spotify.com/track/1DndHckdH9m5rp6gYP086b;;;val
Dire Straits - Sultans Of Swing;https://open.spotify.com/track/37Tmv4NnfQeb0ZgUC4fOJj;;;val
Djo - End of Beginning;https://open.spotify.com/track/3qhlB30KknSejmIvZZLjOD;;;val
DNCE - Cake By The Ocean;https://open.spotify.com/track/76hfruVvmfQbw0eYn1nmeC;;;val
Electric Light Orchestra - Mr. Blue Sky;https://open.spotify.com/track/2RlgNHKcydI9sayD2Df2xp;;;val
Elton John - I'm Still Standing;https://open.spotify.com/track/1jDJFeK9x3OZboIAHsY9k2;;;val
Elvis Presley - Burning Love;https://open.spotify.com/track/7zMUCLm1TN9o9JlLISztxO;;;val
Empire Of The Sun - We Are The People;https://open.spotify.com/track/3zEN0ii6s4DHHBpnTp3RP7;;;val
Europe - The Final Countdown;https://open.spotify.com/track/3MrRksHupTVEQ7YbA0FsZK;;;val
Eurythmics, Annie Lennox, Dave Stewart - Sweet Dreams (Are Made of This) - 2005 Remaster;https://open.spotify.com/track/1TfqLAPs4K3s2rJMoCokcS;;;val
Eyedress - Jealous;https://open.spotify.com/track/1aXV8GrmQLvgoFtBPERP7E;;;val
F.R. David - Words - Original Version 1983;https://open.spotify.com/track/1HPJOoIVdUPuaebxzMrVaD;;;val
Fools Garden - Lemon Tree;https://open.spotify.com/track/2epbL7s3RFV81K5UhTgZje;;;val
Foster The People - Pumped Up Kicks;https://open.spotify.com/track/7w87IxuO7BDcJ3YUqCyMTT;;;val
Frank Sinatra, Count Basie - Fly Me To The Moon;https://open.spotify.com/track/2dR5WkrpwylTuT3jRWNufa;;;val
fun., Janelle Monáe - We Are Young (feat. Janelle Monáe);https://open.spotify.com/track/5rgy6ghBq1eRApCkeUdJXf;;;val
Gary Jules, Michael Andrews - Mad World;https://open.spotify.com/track/3JOVTQ5h8HGFnDdp4VT3MP;;;val
George Harrison - Got My Mind Set on You;https://open.spotify.com/track/4wswaG5vmNINMZcVBsAyBP;;;val
Glen Campbell - Southern Nights;https://open.spotify.com/track/7kv7zBjMtVf0eIJle2VZxn;;;val
Gloria Gaynor - I Will Survive - Original 7' Version;https://open.spotify.com/intl-es/track/6fw12s3vAJQAt7lbICodwC?si=e10f06c5cc114b6c;;;val
Goodnight, Texas - A Bank Robber's Nursery Rhyme;https://open.spotify.com/track/0Sl9ZPmJDMSmslkhRn5W3i;;;val
Gorillaz - O Green World;https://open.spotify.com/track/4hNPMfFHauPIbOKvdYqFt7;;;val
Gorillaz - On Melancholy Hill;https://open.spotify.com/track/0q6LuUqGLUiCPP1cbdwFs3;;;val
Gorillaz - Sleeping Powder;https://open.spotify.com/track/5pE9vMyvVNOpZFutt6lyy4;;;val
Gorillaz, Bootie Brown - Dirty Harry (feat. Bootie Brown);https://open.spotify.com/track/2bfGNzdiRa1jXZRdfssSzR;;;val
Gorillaz, De La Soul - Feel Good Inc.;https://open.spotify.com/track/0d28khcov6AiegSCpG5TuT;;;val
Gorillaz, Del The Funky Homosapien - Clint Eastwood;https://open.spotify.com/track/1RKUoGiLEbcXN4GY4spQDx;;;val
Gorillaz, Kali Uchis - She's My Collar (feat. Kali Uchis);https://open.spotify.com/track/3lIxtCaROdRDuTnNBDm3n2;;;val
Gorillaz, MF DOOM - November Has Come;https://open.spotify.com/track/6lrDckuosGpwEHtm1hHBcf;;;val
Gorillaz, Miho Hatori, Tina Weymouth - 19-2000;https://open.spotify.com/track/71koAFCnGnugRdGIDfS7f4;;;val
Gotye, Kimbra - Somebody That I Used To Know;https://open.spotify.com/track/1qDrWA6lyx8cLECdZE7TV7;;;val
Harmless - Swing Lynn;https://open.spotify.com/track/3VCXx37jNGNOMns6z2OnvJ;;;val
Harry Styles - Sign of the Times;https://open.spotify.com/track/5Ohxk2dO5COHF1krpoPigN;;;val
Hot Chocolate - Every 1's a Winner - Single Version;https://open.spotify.com/track/5MXXbGYNmRHR7ULMvZYo5R;;;val
Hozier - Take Me To Church;https://open.spotify.com/track/3dYD57lRAUcMHufyqn9GcI;;;val
Inner Circle - Sweat (A La La La La Long);https://open.spotify.com/track/1nXTM2CVdaoCySSD5kgt3J;;;val
Jack Stauber - Oh Klahoma;https://open.spotify.com/track/6SZwj6cjc8JQbkrr8cbIUn;;;val
JAWNY - Honeypie;https://open.spotify.com/track/6FfLg6FFqhCsrFOaHIGkg0;;;val
John Michael Howell - Carnival;https://open.spotify.com/track/4TfmXkmAqtiq1ixe5PT5kX;;;val
John Newman - Love Me Again;https://open.spotify.com/track/5TbzAWWc5eJaANpA9kfGCd;;;val
John Travolta, Olivia Newton-John - Summer Nights - From “Grease”;https://open.spotify.com/track/2AVkArcfALVk2X8sfPRzya;;;val
KC & The Sunshine Band - Give It Up;https://open.spotify.com/track/3yDhZq8f17SmumVmEyCaRN;;;val
Laura Branigan - Self Control;https://open.spotify.com/track/6JNJERZGJwDVgkmbohBw7u;;;val
Leroy Clampitt - I’m Going To Die;https://open.spotify.com/track/1GGqXiVW58oZV5DckGpAae;;;val
Lesley Gore - Sunshine, Lollipops And Rainbows;https://open.spotify.com/track/0AZb6ryK8LsFcvY1jWHO61;;;val
Lesley Gore - You Don't Own Me;https://open.spotify.com/track/7ngRS53kqxLcEt9Pythc5d;;;val
Lipps Inc. - Funkytown;https://open.spotify.com/track/3JU7GqkbT5S51rgCbYJ20t;;;val
Los Iracundos - Marionetas de Cartón;https://open.spotify.com/track/04ggFcwJMcdR0MqvL3S6si;;;val
Los Retros - Someone To Spend Time With;https://open.spotify.com/track/1phnMapdUEbagFuKDZqmPQ;;;val
Madonna - La Isla Bonita;https://open.spotify.com/track/0NJdtoQ3RX5ckBjJlNXhlP;;;val
Maroon 5, Christina Aguilera - Moves Like Jagger - Studio Recording From 'The Voice' Performance;https://open.spotify.com/intl-es/track/7pYfyrMNPn3wtoCyqcTVoI?si=0caf11b914d141c8;;;val
Men At Work - Down Under;https://open.spotify.com/track/3ZZq9396zv8pcn5GYVhxUi;;;val
Men At Work - Who Can It Be Now;https://open.spotify.com/intl-es/track/5rfJ2Bq2PEL8yBjZLzouEu?si=a1c64c0e127c4cee;;;val
MGMT - Kids;https://open.spotify.com/track/1jJci4qxiYcOHhQR247rEU;;;val
MGMT - Time to Pretend;https://open.spotify.com/track/4iG2gAwKXsOcijVaVXzRPW;;;val
Michael Jackson - Billie Jean;https://open.spotify.com/track/7J1uxwnxfQLu4APicE5Rnj;;;val
Michael Jackson - Rock with You - Single Version;https://open.spotify.com/track/7oOOI85fVQvVnK5ynNMdW7;;;val
Mild High Club - Homage;https://open.spotify.com/track/7DcJ6fEBb7BaKuYKTwiDxK;;;val
Milky Chance - Stolen Dance;https://open.spotify.com/track/34xGLuxM0rkxhCVyMSqwJO;;;val
Mitski - Washing Machine Heart;https://open.spotify.com/track/3jjsRKEsF42ccXf8kWR3nu;;;val
Modern Talking - You're My Heart, You're My Soul;https://open.spotify.com/track/0Zn63G0XTiqXwr1KSmARWz;;;val
Modern Talking, Eric Singleton - Brother Louie Mix '98 (feat. Eric Singleton) - Radio Edit;https://open.spotify.com/track/2X7jfQnEMQYYmvkhr6mzS9;;;val
Neil Sedaka - You Mean Everything to Me;https://open.spotify.com/track/18YPNs20cBfgqkY8YCJlOH;;;val
Nirvana - Dumb;https://open.spotify.com/track/5gRcv46AMTrosmTOqrOV3Q;;;val
Nirvana - The Man Who Sold The World - Live;https://open.spotify.com/track/15VRO9CQwMpbqUYA7e6Hwg;;;val
No Doubt - Don't Speak;https://open.spotify.com/track/6urCAbunOQI4bLhmGpX7iS;;;val
Olivia Newton-John - Hopelessly Devoted To You - From “Grease”;https://open.spotify.com/track/5BUq9bdtsm3LWw5laJeJ4R;;;val
OneRepublic - I Ain't Worried;https://open.spotify.com/track/0oF9jpn0n8afMpbHKgRd6J;;;val
Orange Dog Club - That's What I Get;https://open.spotify.com/track/1Rt6dYh5NzxaMOTaP2VU6O;;;val
Ottawan - Crazy Music - Single Version;https://open.spotify.com/track/0L2nLk6afKbOterlTArabq;;;val
Ottawan - Hands Up - Single Version;https://open.spotify.com/track/5xQr5TxQ77siaKfuyiJbT0;;;val
Outkast - Hey Ya!;https://open.spotify.com/track/2PpruBYCo4H7WOBJ7Q2EwM;;;val
Patrick Hernandez - Born to Be Alive - The Original;https://open.spotify.com/track/3XIEWK1V9n25PS9Vb6axj5;;;val
Paul Anka - Put Your Head On My Shoulder - Remastered;https://open.spotify.com/track/6YDDrg8llsRtAgLlIROzZc;;;val
Percy Faith & His Orchestra - The Theme from 'A Summer Place';https://open.spotify.com/intl-es/track/6zwvB879PJSpTyFcg2wwnL?si=a7335ae09c4542bf;;;val
Peter Schilling - Major Tom (Coming Home);https://open.spotify.com/track/1D6NMs2Zq9PI8dgPtOGbtA;;;val
Pharrell Williams - Double Life - From 'Despicable Me 4';https://open.spotify.com/intl-es/track/07oO1U722crtVcavi6frX6?si=baad7ef5771e44d8;;;val
Pilot - Magic;https://open.spotify.com/track/500h8jAdr7LvzzXlm1qxtK;;;val
Poor Man's Poison - Providence;https://open.spotify.com/track/4VGR3mr2WbiD0splKGasFc;;;val
Queen - Another One Bites The Dust - Remastered 2011;https://open.spotify.com/track/5vdp5UmvTsnMEMESIF2Ym7;;;val
Queen - I Want To Break Free;https://open.spotify.com/track/7iAqvWLgZzXvH38lA06QZg;;;val
Queen, David Bowie - Under Pressure - Remastered 2011;https://open.spotify.com/track/2fuCquhmrzHpu5xcA1ci9x;;;val
Ray Charles - Hit the Road Jack;https://open.spotify.com/track/5dUMh0ugelpKfoFp3qChuK;;;val
Red Hot Chili Peppers - Californication;https://open.spotify.com/track/48UPSzbZjgc449aqz8bxox;;;val
Red Hot Chili Peppers - Scar Tissue;https://open.spotify.com/track/1G391cbiT3v3Cywg8T7DM1;;;val
Redbone - Come and Get Your Love - Single Version;https://open.spotify.com/track/7GVUmCP00eSsqc4tzj1sDD;;;val
Rex Orange County - Best Friend;https://open.spotify.com/track/3rPtS4nfpy7PsARctAWpzd;;;val
Rex Orange County - Sunflower;https://open.spotify.com/track/7h2nmmoWDi2UpfYKLKWLYB;;;val
Ricky Nelson - I Will Follow You;https://open.spotify.com/track/4Y6pdMS2PwGshq1MYcJ9fC;;;val
Rio Romeo - Nothing's New;https://open.spotify.com/track/0EF1EE8zusg3Y869e56JFd;;;val
Ritchie Valens - We Belong Together;https://open.spotify.com/track/7caj6X6NMX3tlhWnu1du6V;;;val
Rod Stewart - Baby Jane - 2008 Remaster;https://open.spotify.com/track/1wrT33b6HuKlpk9ziscEUY;;;val
Rod Stewart - Da Ya Think I'm Sexy;https://open.spotify.com/intl-es/track/4z7maGZkAonDlXlwo8q69f?si=201d55d0d02542a9;;;val
ROSÉ, Bruno Mars - APT.;https://open.spotify.com/track/5vNRhkKd0yEAg8suGBpjeY;;;val
Roy Orbison - You Got It;https://open.spotify.com/track/0RteYQqW1AOq3JNL0yMWYt;;;val
Sade - Smooth Operator - Single Version;https://open.spotify.com/track/1Hv1VTm8zeOeybub15mA2R;;;val
SALES - Chinese New Year;https://open.spotify.com/track/0SIAFU49FFHwR3QnT5Jx0k;;;val
SALES - Renee;https://open.spotify.com/track/5MeUMSRreLHYLhw8ZTyqpk;;;val
Sia, Diplo, Labrinth, LSD - No New Friends (feat. Sia, Diplo, and Labrinth);https://open.spotify.com/track/6Dma0t0hOe6Bd6u5YRKF3n;;;val
Sia, Diplo, Labrinth, LSD - Thunderclouds (feat. Sia, Diplo, and Labrinth);https://open.spotify.com/track/4lJNen4SMTIJMahALc3DcB;;;val
Soft Cell - Tainted Love;https://open.spotify.com/track/0cGG2EouYCEEC3xfa0tDFV;;;val
Steve Lacy - Bad Habit;https://open.spotify.com/track/4k6Uh1HXdhtusDW5y8Gbvy;;;val
Steve Lacy - Dark Red;https://open.spotify.com/track/3EaJDYHA0KnX88JvDhL9oa;;;val
Stevie Wonder - Part-Time Lover;https://open.spotify.com/track/0Dm43YLUlGdePpSbI1ct8h;;;val
Surf Curse - Disco;https://open.spotify.com/track/2Lumsra3kuU61wXkEKzKaK;;;val
Sylvie Vartan - La Maritza;https://open.spotify.com/track/6AulpMGee5cq7pjXUQ3VSS;;;val
Tame Impala - Elephant;https://open.spotify.com/track/6qZjm61s6u8Ead9sWxCDro;;;val
The Archies - Sugar Sugar;https://open.spotify.com/track/6MTd61g9zq6CB1FnJydjEb;;;val
The Bangles - Walk Like an Egyptian;https://open.spotify.com/track/1Jwc3ODLQxtbnS8M9TflSP;;;val
The Beatles - Do You Want To Know A Secret - Remastered 2009;https://open.spotify.com/track/7Aobt67JnaF7qN8jCCKvHq;;;val
The Beatles - Help!;https://open.spotify.com/track/6EdSN1iGtLPhcz43QDRkdK;;;val
The Beatles - I Want To Hold Your Hand - Remastered 2009;https://open.spotify.com/track/5Qe7NHxeLAn8KoLTNLSdwe;;;val
The Beatles - Let It Be - Remastered 2009;https://open.spotify.com/track/7iN1s7xHE4ifF5povM6A48;;;val
The Beatles - Penny Lane - Remastered 2009;https://open.spotify.com/track/1h04XMpzGzmAudoI6VHBgA;;;val
The Beatles - She Loves You - Mono Version Remastered 2009;https://open.spotify.com/intl-es/track/0qsS2A3hwicJCLtcaR6JRQ?si=21eebca66d4347cf;;;val
The Beatles - Something - Remastered 2009;https://open.spotify.com/track/0pNeVovbiZHkulpGeOx1Gj;;;val
The Beatles - Twist And Shout - Remastered 2009;https://open.spotify.com/track/5ZBeML7Lf3FMEVviTyvi8l;;;val
The Beatles - We Can Work It Out - Remastered 2009;https://open.spotify.com/track/7LNiAjyg9P2GKINTtN6Yt8;;;val
The Cardigans - Lovefool;https://open.spotify.com/track/7aQjPecQdIuNd1sz3KCDhD;;;val
The Constellations - Perfect Day;https://open.spotify.com/track/0MYVtKiYqRojOjMo7Og7Ua;;;val
The Criticals - Izzy;https://open.spotify.com/track/0uYapBl4uB4lUNDWVqKP23;;;val
The Daughters Of Eve - Help Me Boy;https://open.spotify.com/track/46sbgNoiqUKKeIwFQLvqMt;;;val
The Daughters Of Eve - Hey Lover;https://open.spotify.com/track/0bhwnn2xqnBUcMZDcXNuII;;;val
The Doors - People Are Strange;https://open.spotify.com/track/1Jmqubf9kGkWeYQXQKImL5;;;val
The Drums - Money;https://open.spotify.com/track/3VIJBrMpvimHEw5wtPh2wB;;;val
The Knack - My Sharona;https://open.spotify.com/track/1HOMkjp0nHMaTnfAkslCQj;;;val
The Mirrors - I'll Stay;https://open.spotify.com/track/53DEjZXuHIH5b6YA1EFQMs;;;val
The Platters - Only You (And You Alone);https://open.spotify.com/track/37IUoAxYqcWr1VXQvmWYEZ;;;val
The Police - Every Breath You Take;https://open.spotify.com/track/1JSTJqkT5qHq8MDJnJbRE1;;;val
The Rare Occasions - Backwards;https://open.spotify.com/track/7gw9aTMItbIbnuByJEKtJd;;;val
The Rare Occasions - Notion;https://open.spotify.com/track/0sTlGEld0h8kIPZaKDYUf4;;;val
The Romantics - Talking In Your Sleep (2023 Remaster);https://open.spotify.com/track/7fRvtXvJMpGfTLdF0M09a1;;;val
The Smiths - Heaven Knows I'm Miserable Now - 2011 Remaster;https://open.spotify.com/track/1xaTREM89RbIxkcjlpf4Uw;;;val
The Turtles - Happy Together;https://open.spotify.com/track/1JO1xLtVc8mWhIoE3YaCL0;;;val
The Walters - I Love You So;https://open.spotify.com/track/4SqWKzw0CbA05TGszDgMlc;;;val
The Weeknd - Blinding Lights;https://open.spotify.com/track/0VjIjW4GlUZAMYd2vXMi3b;;;val
Tipling Rock - Staring;https://open.spotify.com/track/0lBOxYabLsCS8Hg5ZRaz7p;;;val
Tom Odell - Another Love;https://open.spotify.com/track/3JvKfv6T31zO0ini8iNItO;;;val
TOTO - Africa;https://open.spotify.com/track/2374M0fQpWi3dLnB54qaLX;;;val
TOTO - Hold the Line;https://open.spotify.com/track/4aVuWgvD0X63hcOCnZtNFA;;;val
TV Girl - Lovers Rock;https://open.spotify.com/track/6dBUzqjtbnIa1TwYbyw5CM;;;val
Videoclub, Adèle Castillon, Mattyeux - Amour plastique;https://open.spotify.com/track/3vTQ939Tlk6CXYtQgMOFUR;;;val
Village People - YMCA;https://open.spotify.com/track/3ypMsqUwfNFMiooMLVHfkp;;;val
Wabie - Hey Lover!;https://open.spotify.com/track/7rC3P7tpWriaC4hYWKwGQd;;;val
Wallows, Clairo - Are You Bored Yet (feat. Clairo);https://open.spotify.com/intl-es/track/57RA3JGafJm5zRtKJiKPIm?si=f3971d369fd04474;;;val
White Town - Your Woman;https://open.spotify.com/track/3UBItNVbFQiVC5hBQlBvnr;;;val
WILLIS - I Think I Like When It Rains;https://open.spotify.com/track/1Roq03sTKb6TPKBY89YJ4v;;;val
Yusuf Cat Stevens - Father And Son;https://open.spotify.com/intl-es/track/476V2d6iA2tWXgQboKmTtA?si=58adb39a7f6342ba;;;val
